id,feature1,feature2,time
0,1,1,0.5198684499186355
1,1,1,0.136485553770322
2,1,0,0.6530722645864276
3,0,1,0.5509053400603149
4,0,0,0.34801957800603134
5,0,0,0.9056985067975905
6,0,0,0.9627318918589082
7,1,1,0.3406999610496533
8,1,0,0.7554927391430034
9,0,1,0.5256937503502499
