id,index,feature1,feature2,time,last_in_dt,incidents_sum,incidents_count,next
3,3,1,1,0.013961052287626341,0,0,0,5
0,0,0,0,0.13129854602080682,1,0,0,-1
7,7,0,1,0.16292605364616042,2,0,0,4
2,2,1,0,0.29970373217977386,3,0,0,6
8,8,0,1,0.4292348111501343,2,1,1,9
5,5,1,1,0.7996517478520013,5,1,0,-1
4,4,1,0,0.8094933316855861,6,1,0,7
1,1,1,0,0.8554909779115771,6,2,1,8
6,6,1,0,0.8894237315593791,6,3,2,-1
9,9,0,1,0.9600031969203109,9,2,0,-1
