iter	Accuracy	Accuracy	Accuracy	Accuracy	Accuracy	MultiClass	MultiClass	MultiClass	MultiClass	MultiClass
0	0.7154115587	0.7156742557	0.7164623468	0.7169629565	0.718602207	1.024492378	1.024329394	1.024081933	1.023197728	1.024194353
1	0.7181260946	0.7260070053	0.7225043783	0.71862685	0.725083202	0.9668136856	0.9662965391	0.9660196494	0.9652850302	0.9651690973
2	0.7175131349	0.7260945709	0.7237302977	0.7208161836	0.7262217551	0.920146549	0.9195305308	0.9189365304	0.9182931675	0.918307099
