iter	Accuracy	MultiClass
0	0.7200560457	1.023570701	1	0.7259233312	0.9646982	0222	0.7278280097	0.9173864396
