id,feature1,feature2,time
0,1,1,0.86480063817716
1,1,0,0.5189756747316835
2,1,1,0.455003586392808
3,0,1,0.36901509070909466
4,0,0,0.1391627863102588
5,1,1,0.7162151116219999
6,0,0,0.0899314909073673
7,1,0,0.2997286315512787
8,1,1,0.35328679856424616
9,1,0,0.7882232875281304
